Log_ID,Location,Sex,Taxa,Count,Collection_Date,Analyzer,Analysis_Date
H1-F2,Huntsville,F,Entomobryidae,7,6/16/2023,B,6/20/2023
H1-F2,Huntsville,F,Mesostigmata,5,6/16/2023,B,6/20/2023
H1-F2,Huntsville,F,Oribatida,44,6/16/2023,B,6/20/2023
H1-F2,Huntsville,F,Prostigmata,20,6/16/2023,B,6/20/2023
H1-F2,Huntsville,F,Lycosidae,1,6/16/2023,B,6/20/2023
H1-F2,Huntsville,F,Gnaphosidae,1,6/16/2023,B,6/20/2023
H1-F2,Huntsville,F,Formicidae,7,6/16/2023,B,6/20/2023
H1-F2,Huntsville,F,Thysanoptera,5,6/16/2023,B,6/20/2023
H1-F2,Huntsville,F,Hemiptera,4,6/16/2023,B,6/20/2023
H1-F2,Huntsville,F,Isopoda,4,6/16/2023,B,6/20/2023
H1-F2,Huntsville,F,Arthropod_other,1,6/16/2023,B,6/20/2023
H1-F3,Huntsville,F,Entomobryidae,9,6/16/2023,B,6/20/2023
H1-F3,Huntsville,F,Isotomidae,4,6/16/2023,B,6/20/2023
H1-F3,Huntsville,F,Mesostigmata,2,6/16/2023,B,6/20/2023
H1-F3,Huntsville,F,Oribatida,82,6/16/2023,B,6/20/2023
H1-F3,Huntsville,F,Prostigmata,37,6/16/2023,B,6/20/2023
H1-F3,Huntsville,F,Gnaphosidae,2,6/16/2023,B,6/20/2023
H1-F3,Huntsville,F,Coleoptera_larval,3,6/16/2023,B,6/26/2023
H1-F3,Huntsville,F,Formicidae,6,6/16/2023,B,6/26/2023
H1-F3,Huntsville,F,Hymenoptera_other,1,6/16/2023,B,6/26/2023
H1-F3,Huntsville,F,Lepidoptera_larval,1,6/16/2023,B,6/26/2023
H1-F3,Huntsville,F,Hemiptera,5,6/16/2023,B,6/26/2023
H1-F3,Huntsville,F,Chilopoda,1,6/16/2023,B,6/26/2023
H1-F3,Huntsville,F,Isopoda,2,6/16/2023,B,6/26/2023
H1-F3,Huntsville,F,Pseudoscorpions,4,6/16/2023,B,6/26/2023
H1-F5,Huntsville,F,Entomobryidae,1,6/16/2023,H,6/26/2023
H1-F5,Huntsville,F,Isotomidae,2,6/16/2023,H,6/26/2023
H1-F5,Huntsville,F,Mesostigmata,8,6/16/2023,H,6/26/2023
H1-F5,Huntsville,F,Oribatida,135,6/16/2023,H,6/26/2023
H1-F5,Huntsville,F,Prostigmata,28,6/16/2023,H,6/26/2023
H1-F5,Huntsville,F,Lycosidae,1,6/16/2023,H,6/26/2023
H1-F5,Huntsville,F,Staphylinidae,1,6/16/2023,H,6/26/2023
H1-F5,Huntsville,F,Formicidae,99,6/16/2023,H,6/26/2023
H1-F5,Huntsville,F,Lepidoptera_larval,2,6/16/2023,H,6/26/2023
H1-F5,Huntsville,F,Thysanoptera,1,6/16/2023,H,6/26/2023
H1-F5,Huntsville,F,Hemiptera,3,6/16/2023,H,6/26/2023
H1-F5,Huntsville,F,Isopoda,9,6/16/2023,H,6/26/2023
H1-F8,Huntsville,F,Mesostigmata,1,6/16/2023,B,6/26/2023
H1-F8,Huntsville,F,Oribatida,36,6/16/2023,B,6/26/2023
H1-F8,Huntsville,F,Prostigmata,17,6/16/2023,B,6/26/2023
H1-F8,Huntsville,F,Gnaphosidae,1,6/16/2023,B,6/26/2023
H1-F8,Huntsville,F,Formicidae,10,6/16/2023,B,6/26/2023
H1-F8,Huntsville,F,Hemiptera,3,6/16/2023,B,6/26/2023
H1-F8,Huntsville,F,Chilopoda,1,6/16/2023,B,6/27/2023
H1-M10,Huntsville,M,Entomobryidae,1,6/16/2023,B,6/27/2023
H1-M10,Huntsville,M,Mesostigmata,2,6/16/2023,B,6/27/2023
H1-M10,Huntsville,M,Oribatida,11,6/16/2023,B,6/27/2023
H1-M10,Huntsville,M,Prostigmata,9,6/16/2023,B,6/27/2023
H1-M10,Huntsville,M,Lycosidae,1,6/16/2023,B,6/27/2023
H1-M10,Huntsville,M,Coleoptera_larval,2,6/16/2023,B,6/27/2023
H1-M10,Huntsville,M,Formicidae,33,6/16/2023,B,6/27/2023
H1-M10,Huntsville,M,Lepidoptera_larval,1,6/16/2023,B,6/27/2023
H1-M10,Huntsville,M,Thysanoptera,3,6/16/2023,B,6/26/2023
H1-M10,Huntsville,M,Hemiptera,3,6/16/2023,B,6/26/2023
H1-M10,Huntsville,M,Chilopoda,1,6/16/2023,B,6/26/2023
H1-M10,Huntsville,M,Isopoda,2,6/16/2023,B,6/26/2023
H1-M10,Huntsville,M,Blattodea,1,6/23/2023,B,6/27/2023
H1-M11,Huntsville,M,Entomobryidae,1,6/23/2023,B,6/27/2023
H1-M11,Huntsville,M,Hypogastruridae,1,6/23/2023,B,6/27/2023
H1-M11,Huntsville,M,Isotomidae,2,6/23/2023,B,6/27/2023
H1-M11,Huntsville,M,Mesostigmata,5,6/16/2023,B,6/27/2023
H1-M11,Huntsville,M,Oribatida,19,6/16/2023,B,6/27/2023
H1-M11,Huntsville,M,Prostigmata,27,6/16/2023,B,6/27/2023
H1-M11,Huntsville,M,Gnaphosidae,1,6/16/2023,B,6/27/2023
H1-M11,Huntsville,M,Formicidae,4,6/16/2023,B,6/27/2023
H1-M11,Huntsville,M,Hemiptera,1,6/23/2023,B,6/28/2023
H1-M11,Huntsville,M,Isopoda,2,6/23/2023,B,6/28/2023
H1-M12,Huntsville,M,Entomobryidae,6,6/23/2023,B,6/28/2023
H1-M12,Huntsville,M,Mesostigmata,4,6/23/2023,B,6/28/2023
H1-M12,Huntsville,M,Oribatida,6,6/23/2023,B,6/28/2023
H1-M12,Huntsville,M,Prostigmata,28,6/23/2023,B,6/28/2023
H1-M12,Huntsville,M,Gnaphosidae,2,6/23/2023,B,6/28/2023
H1-M12,Huntsville,M,Coleoptera_larval,4,6/23/2023,B,6/27/2023
H1-M12,Huntsville,M,Formicidae,67,6/23/2023,B,6/27/2023
H1-M12,Huntsville,M,Thysanoptera,2,6/23/2023,B,6/27/2023
H1-M12,Huntsville,M,Hemiptera,2,6/23/2023,B,6/27/2023
H1-M12,Huntsville,M,Isopoda,5,6/23/2023,B,6/27/2023
H1-M12,Huntsville,M,Pseudoscorpions,1,6/23/2023,B,6/27/2023
H1-M3,Huntsville,M,Entomobryidae,1,6/23/2023,A,7/5/2023
H1-M3,Huntsville,M,Mesostigmata,2,6/23/2023,A,7/5/2023
H1-M3,Huntsville,M,Oribatida,5,6/23/2023,A,7/5/2023
H1-M3,Huntsville,M,Prostigmata,6,6/23/2023,A,7/5/2023
H1-M3,Huntsville,M,Curculionidae,1,6/23/2023,A,7/5/2023
H1-M3,Huntsville,M,Formicidae,1,6/23/2023,A,7/5/2023
H1-M3,Huntsville,M,Isopoda,3,6/23/2023,A,7/5/2023
H1-M3,Huntsville,M,Myriapoda,2,6/23/2023,A,7/5/2023
H1-M4,Huntsville,M,Entomobryidae,1,6/23/2023,B,7/5/2023
H1-M4,Huntsville,M,Isotomidae,1,6/23/2023,B,7/5/2023
H1-M4,Huntsville,M,Prostigmata,7,6/23/2023,B,7/5/2023
H1-M4,Huntsville,M,Oribatida,4,6/23/2023,B,7/5/2023
H1-M4,Huntsville,M,Formicidae,1,6/23/2023,B,7/5/2023
H1-M4,Huntsville,M,Isopoda,3,6/23/2023,B,6/28/2023
H1-M4,Huntsville,M,Lycosidae,1,6/23/2023,B,6/28/2023
H1-M4,Huntsville,M,Neelidae,1,6/23/2023,B,6/28/2023
H1-M5,Huntsville,M,Entomobryidae,8,6/23/2023,B,6/28/2023
H1-M5,Huntsville,M,Oribatida,25,6/23/2023,B,6/28/2023
H1-M5,Huntsville,M,Prostigmata,18,6/23/2023,B,6/29/2023
H1-M5,Huntsville,M,Lycosidae,1,6/23/2023,B,6/29/2023
H1-M5,Huntsville,M,Gnaphosidae,1,6/23/2023,B,6/29/2023
H1-M5,Huntsville,M,Formicidae,3,6/23/2023,B,6/29/2023
H1-M5,Huntsville,M,Thysanoptera,1,6/23/2023,B,6/29/2023
H1-M5,Huntsville,M,Isopoda,3,6/23/2023,B,6/29/2023
H1-M6,Huntsville,M,Mesostigmata,1,6/23/2023,A,6/29/2023
H1-M6,Huntsville,M,Oribatida,37,6/23/2023,A,6/29/2023
H1-M6,Huntsville,M,Prostigmata,14,6/23/2023,A,6/29/2023
H1-M6,Huntsville,M,Gnaphosidae,1,6/23/2023,A,6/29/2023
H1-M6,Huntsville,M,Formicidae,5,6/23/2023,A,6/29/2023
H1-M6,Huntsville,M,Hymenoptera_other,1,6/23/2023,A,6/29/2023
H1-M6,Huntsville,M,Thysanoptera,1,6/23/2023,A,6/29/2023
H1-M6,Huntsville,M,Hemiptera,5,6/23/2023,A,6/29/2023
H1-M6,Huntsville,M,Pseudoscorpions,2,6/23/2023,A,6/29/2023
H1-M7,Huntsville,M,Entomobryidae,2,6/23/2023,B,6/29/2023
H1-M7,Huntsville,M,Mesostigmata,5,6/23/2023,B,6/29/2023
H1-M7,Huntsville,M,Oribatida,45,6/23/2023,B,6/29/2023
H1-M7,Huntsville,M,Prostigmata,19,6/23/2023,B,6/29/2023
H1-M7,Huntsville,M,Coleoptera_larval,2,6/23/2023,B,6/29/2023
H1-M7,Huntsville,M,Formicidae,83,6/23/2023,B,6/29/2023
H1-M7,Huntsville,M,Hemiptera,3,6/23/2023,B,6/29/2023
H1-M7,Huntsville,M,Isopoda,2,6/23/2023,B,6/29/2023
H1-M7,Huntsville,M,Arthropod_other,3,6/23/2023,B,6/29/2023
H1-M9,Huntsville,M,Entomobryidae,3,6/23/2023,A,6/29/2023
H1-M9,Huntsville,M,Mesostigmata,3,6/23/2023,A,6/29/2023
H1-M9,Huntsville,M,Oribatida,51,6/23/2023,A,6/29/2023
H1-M9,Huntsville,M,Prostigmata,19,6/23/2023,A,6/29/2023
H1-M9,Huntsville,M,Gnaphosidae,1,6/23/2023,A,6/29/2023
H1-M9,Huntsville,M,Formicidae,56,6/23/2023,A,6/29/2023
H1-M9,Huntsville,M,Hemiptera,1,6/23/2023,A,6/29/2023
H1-M9,Huntsville,M,Isopoda,5,6/23/2023,A,6/29/2023
H1-M9,Huntsville,M,Isotomidae,1,6/23/2023,B,6/29/2023
H2-F1,Huntsville,F,Mesostigmata,1,6/23/2023,H,6/29/2023
H2-F1,Huntsville,F,Isopoda,1,6/23/2023,H,6/30/2023
H2-F2,Huntsville,F,Oribatida,3,6/23/2023,A,6/30/2023
H2-F2,Huntsville,F,Formicidae,1,6/23/2023,A,6/30/2023
H2-F2,Huntsville,F,Diplopoda,1,6/23/2023,A,6/30/2023
H2-F2,Huntsville,F,Isoptera,3,6/23/2023,A,6/30/2023
H2-F3,Huntsville,F,Oribatida,1,6/23/2023,I,6/30/2023
H2-F3,Huntsville,F,Formicidae,3,6/23/2023,I,6/30/2023
H2-F3,Huntsville,F,Hemiptera,1,6/23/2023,I,6/30/2023
H2-F3,Huntsville,F,Isopoda,1,6/23/2023,I,6/30/2023
H2-F3,Huntsville,F,Arthropod_other,1,6/23/2023,I,6/30/2023
H2-M1,Huntsville,M,Entomobryidae,1,6/23/2023,A,6/30/2023
H2-M1,Huntsville,M,Oribatida,2,6/23/2023,A,7/5/2023
H2-M1,Huntsville,M,Formicidae,1,6/23/2023,A,7/5/2023
H2-M1,Huntsville,M,Lepidoptera_larval,1,6/23/2023,A,7/5/2023
H2-M2,Huntsville,M,Oribatida,10,6/23/2023,B,7/5/2023
H2-M2,Huntsville,M,Prostigmata,3,6/23/2023,B,7/5/2023
H2-M2,Huntsville,M,Formicidae,3,6/23/2023,B,7/5/2023
H2-M2,Huntsville,M,Arthropod_other,1,6/23/2023,B,7/5/2023
H2-M3,Huntsville,M,Entomobryidae,1,6/23/2023,B,7/5/2023
H2-M3,Huntsville,M,Mesostigmata,1,6/23/2023,B,7/5/2023
H2-M3,Huntsville,M,Oribatida,8,6/23/2023,B,7/5/2023
H2-M3,Huntsville,M,Prostigmata,3,6/23/2023,B,7/5/2023
H2-M3,Huntsville,M,Lycosidae,3,6/23/2023,B,7/5/2023
H2-M3,Huntsville,M,Coleoptera_larval,1,6/23/2023,B,7/5/2023
H2-M3,Huntsville,M,Formicidae,1,6/23/2023,B,7/5/2023
H2-M3,Huntsville,M,Isopoda,1,6/23/2023,B,7/5/2023
H2-M4,Huntsville,M,Oribatida,5,6/23/2023,I,7/5/2023
H2-M4,Huntsville,M,Prostigmata,5,6/23/2023,I,7/5/2023
H2-M4,Huntsville,M,Formicidae,2,6/23/2023,I,7/5/2023
H2-M4,Huntsville,M,Chilopoda,1,6/23/2023,I,7/5/2023
H2-M4,Huntsville,M,Diplopoda,1,6/23/2023,I,7/5/2023
H2-M5,Huntsville,M,Oribatida,2,6/23/2023,I,7/5/2023
H2-M5,Huntsville,M,Prostigmata,1,6/23/2023,I,7/5/2023
H2-M5,Huntsville,M,Formicidae,1,6/23/2023,I,7/5/2023
H2-M6,Huntsville,M,Mesostigmata,1,6/23/2023,B,7/5/2023
H2-M6,Huntsville,M,Oribatida,3,6/23/2023,B,7/5/2023
H2-M6,Huntsville,M,Prostigmata,4,6/23/2023,B,7/5/2023
H2-M6,Huntsville,M,Thysanoptera,1,6/23/2023,B,7/5/2023
H2-M6,Huntsville,M,Isopoda,2,6/23/2023,B,7/5/2023
H2-M7,Huntsville,M,Entomobryidae,1,6/23/2023,I,7/5/2023
H2-M7,Huntsville,M,Hypogastruridae,1,6/23/2023,I,7/5/2023
H2-M7,Huntsville,M,Mesostigmata,1,6/23/2023,I,7/5/2023
H2-M7,Huntsville,M,Oribatida,2,6/23/2023,I,7/5/2023
H2-M7,Huntsville,M,Prostigmata,2,6/23/2023,I,7/5/2023
H2-M7,Huntsville,M,Araneae_other,1,6/23/2023,I,7/5/2023
H2-M7,Huntsville,M,Formicidae,1,6/23/2023,I,7/6/2023
H2-M7,Huntsville,M,Isopoda,2,6/23/2023,I,7/6/2023
H2-M8,Huntsville,M,Entomobryidae,6,6/23/2023,A,7/6/2023
H2-M8,Huntsville,M,Hypogastruridae,1,6/23/2023,A,7/6/2023
H2-M8,Huntsville,M,Onychiuridae,1,6/23/2023,A,7/6/2023
H2-M8,Huntsville,M,Mesostigmata,2,6/23/2023,A,7/6/2023
H2-M8,Huntsville,M,Oribatida,40,6/23/2023,A,7/6/2023
H2-M8,Huntsville,M,Prostigmata,12,6/23/2023,A,7/6/2023
H2-M8,Huntsville,M,Linyphiidae,1,6/23/2023,A,7/6/2023
H2-M8,Huntsville,M,Cryptophagidae,1,6/23/2023,A,7/6/2023
H2-M8,Huntsville,M,Formicidae,9,6/23/2023,A,7/6/2023
H2-M8,Huntsville,M,Thysanoptera,1,6/23/2023,A,7/6/2023
H2-M8,Huntsville,M,Isopoda,6,6/23/2023,A,7/7/2023
H2-M8,Huntsville,M,Pseudoscorpions,1,6/23/2023,A,7/7/2023
H3-F1,Huntsville,F,Entomobryidae,5,6/23/2023,B,7/7/2023
H3-F1,Huntsville,F,Mesostigmata,2,6/23/2023,B,7/7/2023
H3-F1,Huntsville,F,Oribatida,17,6/23/2023,B,7/7/2023
H3-F1,Huntsville,F,Prostigmata,11,6/23/2023,B,7/7/2023
H3-F1,Huntsville,F,Lycosidae,1,6/23/2023,B,7/7/2023
H3-F1,Huntsville,F,Formicidae,25,6/23/2023,B,7/7/2023
H3-F1,Huntsville,F,Chilopoda,1,6/23/2023,B,7/7/2023
H3-F1,Huntsville,F,Isopoda,2,6/23/2023,B,7/7/2023
H3-F1,Huntsville,F,Arthropod_other,1,6/23/2023,B,7/7/2023
H3-F10,Huntsville,F,Entomobryidae,1,6/23/2023,I,7/7/2023
H3-F10,Huntsville,F,Prostigmata,1,6/23/2023,I,7/7/2023
H3-F10,Huntsville,F,Linyphiidae,1,6/23/2023,I,7/10/2023
H3-F10,Huntsville,F,Formicidae,2,6/23/2023,I,7/10/2023
H3-F10,Huntsville,F,Hemiptera,1,6/23/2023,I,7/10/2023
H3-F10,Huntsville,F,Isopoda,1,6/23/2023,I,7/10/2023
H3-F2,Huntsville,F,Hypogastruridae,1,6/23/2023,A,7/10/2023
H3-F2,Huntsville,F,Mesostigmata,3,6/23/2023,A,7/10/2023
H3-F2,Huntsville,F,Oribatida,3,6/23/2023,A,7/10/2023
H3-F2,Huntsville,F,Prostigmata,5,6/23/2023,A,7/10/2023
H3-F2,Huntsville,F,Staphylinidae,1,6/23/2023,A,7/10/2023
H3-F2,Huntsville,F,Formicidae,4,6/23/2023,A,7/10/2023
H3-F2,Huntsville,F,Chilopoda,1,6/23/2023,A,7/10/2023
H3-F2,Huntsville,F,Isopoda,3,6/23/2023,A,7/10/2023
H3-F2,Huntsville,F,Arthropod_other,1,6/23/2023,A,7/10/2023
H3-F2d,Huntsville,F,Hypogastruridae,1,6/23/2023,B,7/10/2023
H3-F2d,Huntsville,F,Oribatida,2,6/23/2023,B,7/10/2023
H3-F2d,Huntsville,F,Formicidae,1,6/23/2023,B,7/10/2023
H3-F3,Huntsville,F,Hypogastruridae,1,6/23/2023,"A,I",7/10/2023
H3-F3,Huntsville,F,Oribatida,5,6/23/2023,"A,I",7/10/2023
H3-F3,Huntsville,F,Prostigmata,6,6/23/2023,"A,I",7/10/2023
H3-F3,Huntsville,F,Cryptophagidae,1,6/23/2023,"A,I",7/10/2023
H3-F3,Huntsville,F,Coleoptera_larval,1,6/23/2023,"A,I",7/10/2023
H3-F4,Huntsville,F,Entomobryidae,1,6/23/2023,I,7/10/2023
H3-F4,Huntsville,F,Oribatida,10,6/23/2023,I,7/10/2023
H3-F4,Huntsville,F,Prostigmata,1,6/23/2023,I,7/10/2023
H3-F4,Huntsville,F,Gnaphosidae,1,6/23/2023,I,7/10/2023
H3-F4,Huntsville,F,Hemiptera,2,6/23/2023,I,7/10/2023
H3-F4,Huntsville,F,Diplopoda,1,6/23/2023,I,7/10/2023
H3-F4,Huntsville,F,Isopoda,3,6/23/2023,I,7/10/2023
H3-F5,Huntsville,F,Hypogastruridae,1,6/23/2023,I,7/13/2023
H3-F5,Huntsville,F,Mesostigmata,1,6/23/2023,I,7/13/2023
H3-F5,Huntsville,F,Oribatida,11,6/23/2023,I,7/13/2023
H3-F5,Huntsville,F,Prostigmata,5,6/23/2023,I,7/13/2023
H3-F5,Huntsville,F,Gnaphosidae,1,6/23/2023,I,7/13/2023
H3-F5,Huntsville,F,Formicidae,12,6/23/2023,I,7/13/2023
H3-F5,Huntsville,F,Thysanoptera,5,6/23/2023,I,7/13/2023
H3-F5,Huntsville,F,Diplopoda,4,6/23/2023,I,7/13/2023
H3-F5,Huntsville,F,Isopoda,4,6/23/2023,I,7/13/2023
H3-F5,Huntsville,F,Pseudoscorpions,1,6/23/2023,I,7/13/2023
H3-F6,Huntsville,F,Sminthuridae,1,6/23/2023,B,7/13/2023
H3-F6,Huntsville,F,Mesostigmata,2,6/23/2023,B,7/13/2023
H3-F6,Huntsville,F,Oribatida,7,6/23/2023,B,7/13/2023
H3-F6,Huntsville,F,Prostigmata,1,6/23/2023,B,7/13/2023
H3-F6,Huntsville,F,Coleoptera_larval,1,6/23/2023,B,7/13/2023
H3-F6,Huntsville,F,Formicidae,5,6/23/2023,B,7/13/2023
H3-F6,Huntsville,F,Isopoda,1,6/23/2023,B,7/12/2023
H3-F7,Huntsville,F,Entomobryidae,2,6/23/2023,H,7/12/2023
H3-F7,Huntsville,F,Isotomidae,1,6/23/2023,H,7/12/2023
H3-F7,Huntsville,F,Oribatida,3,6/23/2023,H,7/12/2023
H3-F7,Huntsville,F,Prostigmata,2,6/23/2023,H,7/12/2023
H3-F7,Huntsville,F,Thysanoptera,1,6/23/2023,H,7/14/2023
H3-F7,Huntsville,F,Isopoda,1,6/23/2023,H,7/14/2023
H3-F8,Huntsville,F,Entomobryidae,3,6/23/2023,I,7/14/2023
H3-F8,Huntsville,F,Oribatida,9,6/23/2023,I,7/14/2023
H3-F8,Huntsville,F,Prostigmata,2,6/23/2023,I,7/14/2023
H3-F8,Huntsville,F,Coleoptera_larval,1,6/23/2023,I,7/14/2023
H3-F8,Huntsville,F,Formicidae,1,6/23/2023,I,7/14/2023
H3-F8,Huntsville,F,Chilopoda,1,6/23/2023,I,7/14/2023
H3-F8,Huntsville,F,Isopoda,2,6/23/2023,I,7/14/2023
H3-F8,Huntsville,F,Arthropod_other,1,6/23/2023,I,7/14/2023
H3-F9,Huntsville,F,Entomobryidae,2,6/23/2023,A,7/14/2023
H3-F9,Huntsville,F,Mesostigmata,1,6/23/2023,A,7/14/2023
H3-F9,Huntsville,F,Oribatida,4,6/23/2023,A,7/14/2023
H3-F9,Huntsville,F,Prostigmata,4,6/23/2023,A,7/14/2023
H3-F9,Huntsville,F,Gnaphosidae,1,6/23/2023,A,7/14/2023
H3-F9,Huntsville,F,Staphylinidae,1,6/23/2023,A,7/14/2023
H3-F9,Huntsville,F,Formicidae,1,6/23/2023,A,7/14/2023
H3-F9,Huntsville,F,Hemiptera,1,6/23/2023,A,7/14/2023
H3-F9,Huntsville,F,Isopoda,10,6/23/2023,A,7/14/2023
TC1-F1,Turkey_Creek,F,Mesostigmata,4,6/23/2023,"B,J",7/14/2023
TC1-F1,Turkey_Creek,F,Oribatida,2,6/23/2023,"B,J",7/17/2023
TC1-M1,Turkey_Creek,M,Isotomidae,1,6/23/2023,"B,J",7/17/2023
TC1-M1,Turkey_Creek,M,Mesostigmata,6,6/23/2023,"B,J",7/17/2023
TC1-M1,Turkey_Creek,M,Oribatida,1,6/23/2023,"B,J",7/17/2023
TC1-M1,Turkey_Creek,M,Coleoptera_larval,1,6/23/2023,"B,J",7/17/2023
TC1-M1,Turkey_Creek,M,Lepidoptera_larval,1,6/23/2023,"B,J",7/17/2023
TC1-M1,Turkey_Creek,M,Arthropod_other,1,6/23/2023,"B,J",7/17/2023
TC1-M2,Turkey_Creek,M,,0,6/23/2023,A,7/17/2023
TC1-M3,Turkey_Creek,M,Oribatida,2,6/23/2023,"B,J",7/17/2023
TC1-M3,Turkey_Creek,M,Coleoptera_other,1,6/23/2023,"B,J",7/17/2023
TC1-M4,Turkey_Creek,M,Mesostigmata,4,6/23/2023,"B,J",7/17/2023
TC1-M4,Turkey_Creek,M,Oribatida,5,6/23/2023,"B,J",7/17/2023
TC1-M4,Turkey_Creek,M,Formicidae,2,6/23/2023,"B,J",7/17/2023
TC1-M5,Turkey_Creek,M,Mesostigmata,2,6/23/2023,A,7/17/2023
TC1-M5,Turkey_Creek,M,Oribatida,2,6/23/2023,A,7/17/2023
TC1-M5,Turkey_Creek,M,Acari_other,2,6/23/2023,A,7/17/2023
TC1-M5,Turkey_Creek,M,Formicidae,2,6/23/2023,A,7/17/2023
TC1-M6,Turkey_Creek,M,Hypogastruridae,1,6/23/2023,"B,J",7/17/2023
TC1-M6,Turkey_Creek,M,Mesostigmata,1,6/23/2023,"B,J",7/17/2023
TC1-M8,Turkey_Creek,M,Oribatida,7,6/23/2023,"B,J",7/17/2023
TC1-M8,Turkey_Creek,M,Staphylinidae,1,6/23/2023,"B,J",7/17/2023
TC1-M8,Turkey_Creek,M,Formicidae,1,6/23/2023,"B,J",7/17/2023
TC1-M9,Turkey_Creek,M,Mesostigmata,1,6/23/2023,"B,J",7/17/2023
TC1-M9,Turkey_Creek,M,Oribatida,2,6/23/2023,"B,J",7/17/2023
TC1-M9,Turkey_Creek,M,Arthropod_other,2,6/23/2023,"B,J",7/17/2023
TC2-F1,Turkey_Creek,F,Isotomidae,2,6/23/2023,"B,J",7/17/2023
TC2-F1,Turkey_Creek,F,Onychiuridae,1,6/23/2023,"B,J",7/25/2023
TC2-F1,Turkey_Creek,F,Mesostigmata,17,6/23/2023,"B,J",7/25/2023
TC2-F1,Turkey_Creek,F,Oribatida,8,6/23/2023,"B,J",7/25/2023
TC2-F1,Turkey_Creek,F,Linyphiidae,1,6/23/2023,"B,J",7/25/2023
TC2-F1,Turkey_Creek,F,Formicidae,5,6/23/2023,"B,J",7/25/2023
TC2-F3,Turkey_Creek,F,Isotomidae,1,6/23/2023,"B,J",7/25/2023
TC2-F3,Turkey_Creek,F,Mesostigmata,3,6/23/2023,"B,J",7/25/2023
TC2-F3,Turkey_Creek,F,Oribatida,6,6/23/2023,"B,J",7/25/2023
TC2-F3,Turkey_Creek,F,Coleoptera_larval,1,6/23/2023,"B,J",7/25/2023
TC2-F3,Turkey_Creek,F,Arthropod_other,1,6/23/2023,"B,J",7/25/2023
TC2-F4,Turkey_Creek,F,Mesostigmata,1,6/23/2023,"B,J",7/25/2023
TC2-F4,Turkey_Creek,F,Oribatida,1,6/23/2023,"B,J",7/25/2023
TC2-F4,Turkey_Creek,F,Formicidae,1,6/23/2023,"B,J",7/25/2023
TC2-F4,Turkey_Creek,F,Arthropod_other,1,6/23/2023,"B,J",7/25/2023
TC2-F4,Turkey_Creek,F,Hemiptera,1,6/23/2023,"B,J",7/25/2023
TC2-F5,Turkey_Creek,F,Onychiuridae,1,6/23/2023,"B,J",7/25/2023
TC2-F5,Turkey_Creek,F,Mesostigmata,1,6/23/2023,"B,J",7/25/2023
TC2-F5,Turkey_Creek,F,Oribatida,4,6/23/2023,"B,J",7/25/2023
TC2-F5,Turkey_Creek,F,Staphylinidae,1,6/23/2023,"B,J",7/25/2023
TC2-F5,Turkey_Creek,F,Diplopoda,1,6/23/2023,"B,J",7/25/2023
TC2-F7,Turkey_Creek,F,Hypogastruridae,1,6/23/2023,A,7/25/2023
TC2-F7,Turkey_Creek,F,Oribatida,3,6/23/2023,A,7/25/2023
TC2-F7,Turkey_Creek,F,Formicidae,1,6/23/2023,A,7/25/2023
TC2-F7,Turkey_Creek,F,Diplopoda,1,6/23/2023,A,7/25/2023
TC2-F7,Turkey_Creek,F,Arthropod_other,1,6/23/2023,A,7/25/2023
TC2-M10,Turkey_Creek,M,Mesostigmata,1,6/23/2023,"B,J",7/25/2023
TC2-M10,Turkey_Creek,M,Oribatida,3,6/23/2023,"B,J",7/27/2023
TC2-M10,Turkey_Creek,M,Prostigmata,2,6/23/2023,"B,J",7/27/2023
TC2-M10,Turkey_Creek,M,Formicidae,1,6/23/2023,"B,J",7/27/2023
TC2-M10,Turkey_Creek,M,Arthropod_other,1,6/23/2023,"B,J",7/27/2023
TC2-M9,Turkey_Creek,M,Hypogastruridae,1,6/23/2023,"B,J",7/27/2023
TC2-M9,Turkey_Creek,M,Oribatida,12,6/23/2023,"B,J",7/27/2023
TC2-M9,Turkey_Creek,M,Acari_other,1,6/23/2023,"B,J",7/27/2023
TC2-M9,Turkey_Creek,M,Arthropod_other,1,6/23/2023,"B,J",7/27/2023
Wi1-F1,Wildflower,F,Oribatida,2,6/23/2023,A,7/27/2023
Wi1-F1,Wildflower,F,Prostigmata,1,6/23/2023,A,7/27/2023
Wi1-F1,Wildflower,F,Araneae_other,1,6/23/2023,A,7/27/2023
Wi1-F1,Wildflower,F,Arthropod_other,1,6/23/2023,A,7/27/2023
Wi1-F10,Wildflower,F,Entomobryidae,68,6/23/2023,J,7/27/2023
Wi1-F10,Wildflower,F,Hypogastruridae,3,6/23/2023,J,7/27/2023
Wi1-F10,Wildflower,F,Isotomidae,2,6/23/2023,J,8/3/2023
Wi1-F10,Wildflower,F,Mesostigmata,12,6/23/2023,J,8/3/2023
Wi1-F10,Wildflower,F,Oribatida,134,6/23/2023,J,8/3/2023
Wi1-F10,Wildflower,F,Prostigmata,54,6/23/2023,J,8/3/2023
Wi1-F10,Wildflower,F,Linyphiidae,1,6/23/2023,J,8/3/2023
Wi1-F10,Wildflower,F,Araneae_other,1,6/23/2023,J,8/3/2023
Wi1-F10,Wildflower,F,Staphylinidae,1,6/23/2023,J,8/3/2023
Wi1-F10,Wildflower,F,Formicidae,4,6/23/2023,J,8/3/2023
Wi1-F10,Wildflower,F,Lepidoptera_larval,1,6/23/2023,J,8/3/2023
Wi1-F10,Wildflower,F,Hemiptera,6,6/23/2023,J,8/3/2023
Wi1-F10,Wildflower,F,Diplopoda,1,6/23/2023,J,8/3/2023
Wi1-F10,Wildflower,F,Isopoda,1,6/23/2023,J,7/28/2023
Wi1-F10,Wildflower,F,Pseudoscorpions,1,6/23/2023,J,7/28/2023
Wi1-F10,Wildflower,F,Arthropod_other,2,6/23/2023,J,7/28/2023
Wi1-F11,Wildflower,F,Entomobryidae,11,6/23/2023,B,7/28/2023
Wi1-F11,Wildflower,F,Hypogastruridae,1,6/23/2023,B,7/31/2023
Wi1-F11,Wildflower,F,Mesostigmata,7,6/23/2023,B,7/31/2023
Wi1-F11,Wildflower,F,Oribatida,55,6/23/2023,B,7/31/2023
Wi1-F11,Wildflower,F,Prostigmata,19,6/23/2023,B,7/31/2023
Wi1-F11,Wildflower,F,Gnaphosidae,1,6/23/2023,B,7/31/2023
Wi1-F11,Wildflower,F,Araneae_other,1,6/23/2023,B,7/31/2023
Wi1-F11,Wildflower,F,Coleoptera_larval,4,6/23/2023,B,7/31/2023
Wi1-F11,Wildflower,F,Formicidae,6,6/23/2023,B,7/31/2023
Wi1-F11,Wildflower,F,Hymenoptera_other,2,6/23/2023,B,7/31/2023
Wi1-F11,Wildflower,F,Lepidoptera_larval,1,6/23/2023,B,7/31/2023
Wi1-F11,Wildflower,F,Hemiptera,2,6/23/2023,B,7/31/2023
Wi1-F11,Wildflower,F,Pseudoscorpions,1,6/23/2023,B,7/31/2023
Wi1-F2,Wildflower,F,Entomobryidae,9,6/23/2023,J,7/31/2023
Wi1-F2,Wildflower,F,Isotomidae,3,6/23/2023,J,7/31/2023
Wi1-F2,Wildflower,F,Onychiuridae,2,6/23/2023,J,7/31/2023
Wi1-F2,Wildflower,F,Mesostigmata,2,6/23/2023,J,8/3/2023
Wi1-F2,Wildflower,F,Oribatida,48,6/23/2023,J,8/3/2023
Wi1-F2,Wildflower,F,Prostigmata,3,6/23/2023,J,8/3/2023
Wi1-F2,Wildflower,F,Linyphiidae,1,6/23/2023,J,8/3/2023
Wi1-F2,Wildflower,F,Gnaphosidae,1,6/23/2023,J,8/3/2023
Wi1-F2,Wildflower,F,Cryptophagidae,1,6/23/2023,J,8/3/2023
Wi1-F2,Wildflower,F,Hymenoptera_other,1,6/23/2023,J,8/3/2023
Wi1-F3,Wildflower,F,Entomobryidae,6,6/23/2023,A,8/3/2023
Wi1-F3,Wildflower,F,Hypogastruridae,10,6/23/2023,A,8/3/2023
Wi1-F3,Wildflower,F,Collembola_other,1,6/23/2023,A,8/3/2023
Wi1-F3,Wildflower,F,Mesostigmata,14,6/23/2023,A,8/3/2023
Wi1-F3,Wildflower,F,Oribatida,31,6/23/2023,A,8/3/2023
Wi1-F3,Wildflower,F,Prostigmata,39,6/23/2023,A,8/3/2023
Wi1-F3,Wildflower,F,Cryptophagidae,1,6/23/2023,A,8/3/2023
Wi1-F3,Wildflower,F,Coleoptera_larval,1,6/23/2023,A,8/3/2023
Wi1-F3,Wildflower,F,Formicidae,31,6/23/2023,A,8/3/2023
Wi1-F3,Wildflower,F,Lepidoptera_larval,2,6/23/2023,A,8/3/2023
Wi1-F3,Wildflower,F,Diplopoda,3,6/23/2023,A,8/3/2023
Wi1-F3,Wildflower,F,Arthropod_other,1,6/23/2023,A,8/3/2023
Wi1-F3,Wildflower,F,Hemiptera,1,6/23/2023,A,8/3/2023
Wi1-F4,Wildflower,F,Entomobryidae,1,6/23/2023,B,8/3/2023
Wi1-F4,Wildflower,F,Isotomidae,1,6/23/2023,B,8/3/2023
Wi1-F4,Wildflower,F,Mesostigmata,2,6/23/2023,B,8/3/2023
Wi1-F4,Wildflower,F,Oribatida,66,6/23/2023,B,8/3/2023
Wi1-F4,Wildflower,F,Prostigmata,4,6/23/2023,B,8/3/2023
Wi1-F4,Wildflower,F,Coleoptera_larval,2,6/23/2023,B,8/3/2023
Wi1-F4,Wildflower,F,Formicidae,4,6/23/2023,B,8/3/2023
Wi1-F4,Wildflower,F,Hymenoptera_other,1,6/23/2023,B,8/16/2023
Wi1-F4,Wildflower,F,Hemiptera,1,6/23/2023,B,8/16/2023
Wi1-F5,Wildflower,F,Entomobryidae,9,6/23/2023,B,8/16/2023
Wi1-F5,Wildflower,F,Hypogastruridae,2,6/23/2023,B,8/16/2023
Wi1-F5,Wildflower,F,Sminthuridae,1,6/23/2023,B,8/16/2023
Wi1-F5,Wildflower,F,Mesostigmata,7,6/23/2023,B,8/16/2023
Wi1-F5,Wildflower,F,Oribatida,226,6/23/2023,B,8/16/2023
Wi1-F5,Wildflower,F,Prostigmata,59,6/23/2023,B,8/16/2023
Wi1-F5,Wildflower,F,Gnaphosidae,2,6/23/2023,B,8/16/2023
Wi1-F5,Wildflower,F,Araneae_other,1,7/18/2023,B,8/14/2023
Wi1-F5,Wildflower,F,Coleoptera_larval,5,7/18/2023,B,8/14/2023
Wi1-F5,Wildflower,F,Formicidae,4,7/18/2023,B,8/14/2023
Wi1-F5,Wildflower,F,Hemiptera,3,7/18/2023,B,8/14/2023
Wi1-F5,Wildflower,F,Arthropod_other,3,7/18/2023,B,8/14/2023
Wi1-F6,Wildflower,F,Entomobryidae,6,7/18/2023,B,8/14/2023
Wi1-F6,Wildflower,F,Hypogastruridae,1,7/18/2023,B,8/14/2023
Wi1-F6,Wildflower,F,Isotomidae,1,7/18/2023,B,8/14/2023
Wi1-F6,Wildflower,F,Mesostigmata,18,7/18/2023,B,8/14/2023
Wi1-F6,Wildflower,F,Oribatida,150,7/18/2023,B,8/14/2023
Wi1-F6,Wildflower,F,Prostigmata,83,6/23/2023,B,8/17/2023
Wi1-F6,Wildflower,F,Coleoptera_larval,7,6/23/2023,B,8/17/2023
Wi1-F6,Wildflower,F,Formicidae,3,6/23/2023,B,8/17/2023
Wi1-F6,Wildflower,F,Chilopoda,1,6/23/2023,B,8/17/2023
Wi1-F6,Wildflower,F,Diplopoda,1,6/23/2023,B,8/17/2023
Wi1-F6,Wildflower,F,Isopoda,1,6/23/2023,B,8/17/2023
Wi1-F6,Wildflower,F,Arthropod_other,2,6/23/2023,B,8/17/2023
Wi1-F7,Wildflower,F,Entomobryidae,3,6/23/2023,A,8/17/2023
Wi1-F7,Wildflower,F,Isotomidae,5,6/23/2023,A,8/17/2023
Wi1-F7,Wildflower,F,Sminthuridae,1,6/23/2023,A,8/17/2023
Wi1-F7,Wildflower,F,Tomoceridae,1,6/23/2023,A,8/17/2023
Wi1-F7,Wildflower,F,Mesostigmata,9,6/23/2023,A,8/17/2023
Wi1-F7,Wildflower,F,Oribatida,79,6/23/2023,A,8/17/2023
Wi1-F7,Wildflower,F,Prostigmata,34,7/18/2023,A,8/21/2023
Wi1-F7,Wildflower,F,Coleoptera_larval,1,7/18/2023,A,8/21/2023
Wi1-F7,Wildflower,F,Formicidae,2,7/18/2023,A,8/21/2023
Wi1-F7,Wildflower,F,Hymenoptera_other,4,7/18/2023,A,8/21/2023
Wi1-F7,Wildflower,F,Lepidoptera_larval,1,7/18/2023,A,8/21/2023
Wi1-F7,Wildflower,F,Hemiptera,2,7/18/2023,A,8/21/2023
Wi1-F7,Wildflower,F,Diplopoda,1,7/18/2023,A,8/21/2023
Wi1-F7,Wildflower,F,Isopoda,1,7/18/2023,A,8/21/2023
Wi1-F8,Wildflower,F,Entomobryidae,1,7/18/2023,A,8/21/2023
Wi1-F8,Wildflower,F,Sminthuridae,1,7/18/2023,A,8/21/2023
Wi1-F8,Wildflower,F,Mesostigmata,2,7/18/2023,A,8/21/2023
Wi1-F8,Wildflower,F,Oribatida,7,7/18/2023,A,8/21/2023
Wi1-F8,Wildflower,F,Acari_other,1,7/18/2023,A,8/21/2023
Wi1-F8,Wildflower,F,Formicidae,6,6/23/2023,A,8/18/2023
Wi1-F9,Wildflower,F,Entomobryidae,1,6/23/2023,J,8/18/2023
Wi1-F9,Wildflower,F,Hypogastruridae,1,6/23/2023,J,8/18/2023
Wi1-F9,Wildflower,F,Isotomidae,1,6/23/2023,J,8/18/2023
Wi1-F9,Wildflower,F,Mesostigmata,8,6/23/2023,J,8/18/2023
Wi1-F9,Wildflower,F,Oribatida,53,6/23/2023,J,8/18/2023
Wi1-F9,Wildflower,F,Prostigmata,21,6/23/2023,J,8/18/2023
Wi1-F9,Wildflower,F,Coleoptera_larval,4,6/23/2023,J,8/18/2023
Wi1-F9,Wildflower,F,Formicidae,21,6/23/2023,J,8/18/2023
Wi1-F9,Wildflower,F,Hemiptera,2,7/18/2023,J,8/22/2023
Wi1-F9,Wildflower,F,Arthropod_other,1,7/18/2023,J,8/22/2023
Wi1-M1,Wildflower,M,Entomobryidae,5,7/18/2023,J,8/22/2023
Wi1-M1,Wildflower,M,Isotomidae,2,7/18/2023,J,8/22/2023
Wi1-M1,Wildflower,M,Onychiuridae,1,7/18/2023,J,8/22/2023
Wi1-M1,Wildflower,M,Mesostigmata,8,7/18/2023,J,8/22/2023
Wi1-M1,Wildflower,M,Oribatida,97,7/18/2023,J,8/22/2023
Wi1-M1,Wildflower,M,Prostigmata,53,7/18/2023,J,8/22/2023
Wi1-M1,Wildflower,M,Linyphiidae,1,7/18/2023,J,8/22/2023
Wi1-M1,Wildflower,M,Coleoptera_other,3,7/18/2023,J,8/22/2023
Wi1-M1,Wildflower,M,Formicidae,3,7/18/2023,J,8/22/2023
Wi1-M1,Wildflower,M,Hymenoptera_other,3,7/18/2023,J,8/23/2023
Wi1-M1,Wildflower,M,Hemiptera,1,7/18/2023,J,8/23/2023
Wi1-M1,Wildflower,M,Diplopoda,1,7/18/2023,J,8/23/2023
Wi1-M2,Wildflower,M,Isotomidae,1,7/18/2023,J,8/23/2023
Wi1-M2,Wildflower,M,Mesostigmata,1,7/18/2023,J,8/23/2023
Wi1-M2,Wildflower,M,Oribatida,34,7/18/2023,J,8/23/2023
Wi1-M2,Wildflower,M,Prostigmata,18,7/18/2023,J,8/23/2023
Wi1-M2,Wildflower,M,Formicidae,14,7/18/2023,J,8/23/2023
Wi1-M3,Wildflower,M,Entomobryidae,4,7/18/2023,K,8/23/2023
Wi1-M3,Wildflower,M,Mesostigmata,9,7/18/2023,K,8/23/2023
Wi1-M3,Wildflower,M,Oribatida,28,7/18/2023,K,8/23/2023
Wi1-M3,Wildflower,M,Prostigmata,11,7/18/2023,K,8/23/2023
Wi1-M3,Wildflower,M,Gnaphosidae,1,7/18/2023,K,8/23/2023
Wi1-M3,Wildflower,M,Coleoptera_larval,5,7/18/2023,K,8/23/2023
Wi1-M3,Wildflower,M,Hymenoptera_other,1,7/18/2023,K,8/23/2023
Wi1-M3,Wildflower,M,Diplopoda,2,7/18/2023,K,8/23/2023
Wi1-M3,Wildflower,M,Arthropod_other,1,7/18/2023,K,8/23/2023
Wi1-M4,Wildflower,M,Entomobryidae,1,7/18/2023,B,8/23/2023
Wi1-M4,Wildflower,M,Isotomidae,3,7/18/2023,B,8/23/2023
Wi1-M4,Wildflower,M,Oribatida,44,7/18/2023,B,8/23/2023
Wi1-M4,Wildflower,M,Prostigmata,16,7/18/2023,B,8/23/2023
Wi1-M4,Wildflower,M,Acari_other,2,6/23/2023,B,8/23/2023
Wi1-M4,Wildflower,M,Formicidae,16,6/23/2023,B,8/23/2023
Wi1-M4,Wildflower,M,Hymenoptera_other,1,6/23/2023,B,8/23/2023
Wi1-M4,Wildflower,M,Diplopoda,2,6/23/2023,B,8/23/2023
Wi1-M5,Wildflower,M,Entomobryidae,7,6/23/2023,B,8/23/2023
Wi1-M5,Wildflower,M,Isotomidae,1,6/23/2023,B,8/23/2023
Wi1-M5,Wildflower,M,Mesostigmata,6,6/23/2023,B,8/23/2023
Wi1-M5,Wildflower,M,Oribatida,51,6/23/2023,B,8/23/2023
Wi1-M5,Wildflower,M,Prostigmata,29,6/23/2023,B,8/23/2023
Wi1-M5,Wildflower,M,Formicidae,6,6/23/2023,B,8/23/2023
Wi1-M5,Wildflower,M,Hymenoptera_other,1,6/23/2023,B,8/23/2023
Wi1-M5,Wildflower,M,Hemiptera,2,6/23/2023,B,8/23/2023
Wi1-M5,Wildflower,M,Diplopoda,2,6/23/2023,B,8/23/2023
Wi1-M6,Wildflower,M,Entomobryidae,6,6/23/2023,B,8/23/2023
Wi1-M6,Wildflower,M,Isotomidae,2,6/23/2023,B,8/23/2023
Wi1-M6,Wildflower,M,Mesostigmata,8,6/23/2023,B,8/23/2023
Wi1-M6,Wildflower,M,Oribatida,53,6/23/2023,B,8/23/2023
Wi1-M6,Wildflower,M,Prostigmata,46,6/23/2023,B,8/23/2023
Wi1-M6,Wildflower,M,Gnaphosidae,1,6/23/2023,B,8/23/2023
Wi1-M6,Wildflower,M,Araneae_other,4,6/23/2023,B,8/23/2023
Wi1-M6,Wildflower,M,Coleoptera_larval,1,6/23/2023,B,8/23/2023
Wi1-M6,Wildflower,M,Formicidae,3,6/23/2023,B,8/23/2023
Wi1-M6,Wildflower,M,Thysanoptera,1,6/23/2023,B,8/23/2023
Wi1-M6,Wildflower,M,Chilopoda,5,6/23/2023,B,8/23/2023
Wi1-M6,Wildflower,M,Arthropod_other,2,6/23/2023,B,8/23/2023
Wi1-M7,Wildflower,M,Entomobryidae,5,6/23/2023,B,8/23/2023
Wi1-M7,Wildflower,M,Oribatida,9,6/23/2023,B,8/23/2023
Wi1-M7,Wildflower,M,Prostigmata,8,6/23/2023,B,8/23/2023
Wi1-M7,Wildflower,M,Formicidae,3,7/18/2023,B,8/24/2023
Wi1-M8,Wildflower,M,Entomobryidae,6,7/18/2023,B,8/24/2023
Wi1-M8,Wildflower,M,Isotomidae,1,7/18/2023,B,8/24/2023
Wi1-M8,Wildflower,M,Onychiuridae,2,7/18/2023,B,8/24/2023
Wi1-M8,Wildflower,M,Mesostigmata,4,7/18/2023,B,8/24/2023
Wi1-M8,Wildflower,M,Oribatida,57,7/18/2023,B,8/24/2023
Wi1-M8,Wildflower,M,Prostigmata,23,7/18/2023,B,8/24/2023
Wi1-M8,Wildflower,M,Coleoptera_larval,1,7/18/2023,B,8/24/2023
Wi1-M8,Wildflower,M,Formicidae,3,7/18/2023,B,8/24/2023
Wi1-M8,Wildflower,M,Hymenoptera_other,2,7/18/2023,B,8/24/2023
Wi1-M8,Wildflower,M,Hemiptera,1,7/18/2023,B,8/24/2023
Wi1-M8,Wildflower,M,Diplopoda,1,7/18/2023,B,8/24/2023
Wi2-F1,Wildflower,F,Entomobryidae,14,7/18/2023,B,8/24/2023
Wi2-F1,Wildflower,F,Isotomidae,1,7/18/2023,B,8/24/2023
Wi2-F1,Wildflower,F,Mesostigmata,16,7/18/2023,B,8/24/2023
Wi2-F1,Wildflower,F,Oribatida,93,7/18/2023,B,8/24/2023
Wi2-F1,Wildflower,F,Prostigmata,22,7/18/2023,B,8/24/2023
Wi2-F1,Wildflower,F,Linyphiidae,1,7/18/2023,B,8/24/2023
Wi2-F1,Wildflower,F,Gnaphosidae,2,7/18/2023,B,8/24/2023
Wi2-F1,Wildflower,F,Staphylinidae,1,6/23/2023,B,8/24/2023
Wi2-F1,Wildflower,F,Coleoptera_larval,16,6/23/2023,B,8/24/2023
Wi2-F1,Wildflower,F,Formicidae,1,6/23/2023,B,8/24/2023
Wi2-F1,Wildflower,F,Hymenoptera_other,3,6/23/2023,B,8/24/2023
Wi2-F1,Wildflower,F,Hemiptera,1,6/23/2023,B,8/24/2023
Wi2-F1,Wildflower,F,Diplopoda,2,6/23/2023,B,8/24/2023
Wi2-F2,Wildflower,F,Mesostigmata,1,6/23/2023,B,8/24/2023
Wi2-F2,Wildflower,F,Oribatida,17,6/23/2023,B,8/24/2023
Wi2-F2,Wildflower,F,Prostigmata,17,6/23/2023,B,8/24/2023
Wi2-F2,Wildflower,F,Formicidae,2,6/23/2023,B,8/24/2023
Wi2-F2,Wildflower,F,Thysanoptera,2,6/23/2023,B,8/24/2023
Wi2-F2,Wildflower,F,Hemiptera,5,6/23/2023,B,8/24/2023
Wi2-F2,Wildflower,F,Arthropod_other,2,6/23/2023,B,8/24/2023
Wi2-F3,Wildflower,F,Entomobryidae,21,6/23/2023,B,8/24/2023
Wi2-F3,Wildflower,F,Hypogastruridae,7,6/23/2023,B,8/24/2023
Wi2-F3,Wildflower,F,Isotomidae,2,6/23/2023,B,8/24/2023
Wi2-F3,Wildflower,F,Mesostigmata,8,7/18/2023,B,8/24/2023
Wi2-F3,Wildflower,F,Oribatida,155,7/18/2023,B,8/24/2023
Wi2-F3,Wildflower,F,Prostigmata,49,7/18/2023,B,8/24/2023
Wi2-F3,Wildflower,F,Gnaphosidae,5,7/18/2023,B,8/24/2023
Wi2-F3,Wildflower,F,Coleoptera_larval,1,7/18/2023,B,8/24/2023
Wi2-F3,Wildflower,F,Formicidae,11,7/18/2023,B,8/24/2023
Wi2-F3,Wildflower,F,Lepidoptera_larval,1,7/18/2023,B,8/24/2023
Wi2-F3,Wildflower,F,Hemiptera,2,7/18/2023,B,8/24/2023
Wi2-F3,Wildflower,F,Diplopoda,2,7/18/2023,B,9/6/2023
Wi2-F3,Wildflower,F,Arthropod_other,4,7/20/2023,B,8/24/2023
Wi2-F4,Wildflower,F,Entomobryidae,13,7/20/2023,B,8/24/2023
Wi2-F4,Wildflower,F,Hypogastruridae,7,7/20/2023,B,8/24/2023
Wi2-F4,Wildflower,F,Isotomidae,1,7/20/2023,B,8/24/2023
Wi2-F4,Wildflower,F,Mesostigmata,9,7/20/2023,B,8/24/2023
Wi2-F4,Wildflower,F,Oribatida,134,7/20/2023,B,8/24/2023
Wi2-F4,Wildflower,F,Prostigmata,45,7/20/2023,B,8/24/2023
Wi2-F4,Wildflower,F,Gnaphosidae,6,7/20/2023,B,8/24/2023
Wi2-F4,Wildflower,F,Cryptophagidae,1,7/20/2023,B,8/25/2023
Wi2-F4,Wildflower,F,Coleoptera_larval,6,7/20/2023,B,8/25/2023
Wi2-F4,Wildflower,F,Coleoptera_other,1,7/20/2023,B,8/25/2023
Wi2-F4,Wildflower,F,Formicidae,5,7/20/2023,B,8/25/2023
Wi2-F4,Wildflower,F,Hymenoptera_other,1,7/20/2023,B,8/25/2023
Wi2-F4,Wildflower,F,Hemiptera,2,7/20/2023,B,8/25/2023
Wi2-F4,Wildflower,F,Chilopoda,1,7/20/2023,B,8/25/2023
Wi2-F4,Wildflower,F,Diplopoda,1,7/20/2023,B,8/25/2023
Wi2-F4,Wildflower,F,Isopoda,2,7/20/2023,B,8/25/2023
Wi2-F4,Wildflower,F,Pseudoscorpions,1,7/20/2023,B,8/25/2023
Wi2-F5,Wildflower,F,Entomobryidae,14,7/20/2023,B,8/25/2023
Wi2-F5,Wildflower,F,Isotomidae,3,7/20/2023,B,8/25/2023
Wi2-F5,Wildflower,F,Mesostigmata,8,7/20/2023,B,8/25/2023
Wi2-F5,Wildflower,F,Oribatida,86,7/20/2023,B,8/25/2023
Wi2-F5,Wildflower,F,Prostigmata,18,7/20/2023,B,8/25/2023
Wi2-F5,Wildflower,F,Gnaphosidae,1,7/20/2023,B,8/25/2023
Wi2-F5,Wildflower,F,Staphylinidae,1,7/20/2023,B,8/28/2023
Wi2-F5,Wildflower,F,Coleoptera_larval,7,7/20/2023,B,8/28/2023
Wi2-F5,Wildflower,F,Formicidae,2,7/20/2023,B,8/28/2023
Wi2-F5,Wildflower,F,Hymenoptera_other,1,7/20/2023,B,8/28/2023
Wi2-F5,Wildflower,F,Hemiptera,1,7/20/2023,B,8/28/2023
Wi2-F5,Wildflower,F,Isopoda,2,7/20/2023,B,8/28/2023
Wi2-F6,Wildflower,F,Entomobryidae,16,7/20/2023,J,8/28/2023
Wi2-F6,Wildflower,F,Isotomidae,5,7/20/2023,J,8/28/2023
Wi2-F6,Wildflower,F,Mesostigmata,14,7/20/2023,J,8/28/2023
Wi2-F6,Wildflower,F,Oribatida,134,7/20/2023,J,8/28/2023
Wi2-F6,Wildflower,F,Prostigmata,42,7/20/2023,J,8/28/2023
Wi2-F6,Wildflower,F,Formicidae,5,7/20/2023,J,8/28/2023
Wi2-F6,Wildflower,F,Hymenoptera_other,1,7/20/2023,J,8/28/2023
Wi2-F6,Wildflower,F,Hemiptera,1,7/20/2023,J,8/28/2023
Wi2-F6,Wildflower,F,Diplopoda,2,7/20/2023,J,8/28/2023
Wi2-F7,Wildflower,F,Entomobryidae,6,7/20/2023,J,8/28/2023
Wi2-F7,Wildflower,F,Hypogastruridae,6,7/20/2023,J,8/28/2023
Wi2-F7,Wildflower,F,Isotomidae,1,7/20/2023,J,8/30/2023
Wi2-F7,Wildflower,F,Mesostigmata,8,7/20/2023,J,8/30/2023
Wi2-F7,Wildflower,F,Oribatida,122,7/20/2023,J,8/30/2023
Wi2-F7,Wildflower,F,Prostigmata,23,7/20/2023,J,8/30/2023
Wi2-F7,Wildflower,F,Linyphiidae,3,7/20/2023,J,8/30/2023
Wi2-F7,Wildflower,F,Coleoptera_other,2,7/20/2023,J,8/30/2023
Wi2-F7,Wildflower,F,Formicidae,1,7/20/2023,J,8/30/2023
Wi2-F7,Wildflower,F,Hymenoptera_other,1,7/20/2023,J,8/30/2023
Wi2-F7,Wildflower,F,Hemiptera,1,7/20/2023,J,8/30/2023
Wi2-F7,Wildflower,F,Diplopoda,2,7/20/2023,J,8/28/2023
Wi2-F7,Wildflower,F,Isopoda,8,7/20/2023,J,8/28/2023
Wi2-F7,Wildflower,F,Arthropod_other,1,7/20/2023,J,8/28/2023
Wi2-F8,Wildflower,F,Entomobryidae,10,7/20/2023,A,8/28/2023
Wi2-F8,Wildflower,F,Hypogastruridae,1,7/20/2023,A,8/28/2023
Wi2-F8,Wildflower,F,Isotomidae,7,7/20/2023,A,8/28/2023
Wi2-F8,Wildflower,F,Mesostigmata,9,7/20/2023,A,8/30/2023
Wi2-F8,Wildflower,F,Oribatida,172,7/20/2023,A,8/30/2023
Wi2-F8,Wildflower,F,Prostigmata,41,7/20/2023,A,8/30/2023
Wi2-F8,Wildflower,F,Araneae_other,1,7/20/2023,A,8/30/2023
Wi2-F8,Wildflower,F,Coleoptera_larval,1,7/20/2023,A,8/30/2023
Wi2-F8,Wildflower,F,Coleoptera_other,1,7/20/2023,A,8/31/2023
Wi2-F8,Wildflower,F,Formicidae,8,7/20/2023,A,8/31/2023
Wi2-F8,Wildflower,F,Hemiptera,8,7/20/2023,A,8/31/2023
Wi2-F8,Wildflower,F,Diplopoda,1,7/20/2023,A,8/31/2023
Wi2-F8,Wildflower,F,Pseudoscorpions,2,7/20/2023,A,8/31/2023
Wi2-F9,Wildflower,F,Entomobryidae,28,7/20/2023,B,8/31/2023
Wi2-F9,Wildflower,F,Hypogastruridae,1,7/20/2023,B,8/31/2023
Wi2-F9,Wildflower,F,Mesostigmata,9,7/20/2023,B,8/31/2023
Wi2-F9,Wildflower,F,Oribatida,203,7/20/2023,B,8/31/2023
Wi2-F9,Wildflower,F,Prostigmata,89,7/20/2023,B,8/31/2023
Wi2-F9,Wildflower,F,Gnaphosidae,3,7/20/2023,B,8/31/2023
Wi2-F9,Wildflower,F,Coleoptera_other,1,7/20/2023,B,8/31/2023
Wi2-F9,Wildflower,F,Coleoptera_larval,2,7/20/2023,B,8/31/2023
Wi2-F9,Wildflower,F,Formicidae,2,7/20/2023,B,8/31/2023
Wi2-F9,Wildflower,F,Hymenoptera_other,2,7/20/2023,B,8/31/2023
Wi2-F9,Wildflower,F,Lepidoptera_larval,1,7/20/2023,B,8/31/2023
Wi2-F9,Wildflower,F,Chilopoda,1,7/20/2023,B,8/31/2023
Wi2-F9,Wildflower,F,Isopoda,2,7/20/2023,B,8/31/2023
Wi2-F9,Wildflower,F,Arthropod_other,7,7/20/2023,B,8/31/2023
Wi2-M1,Wildflower,M,Hypogastruridae,2,7/20/2023,J,8/31/2023
Wi2-M1,Wildflower,M,Onychiuridae,1,7/20/2023,J,8/31/2023
Wi2-M1,Wildflower,M,Oribatida,27,7/20/2023,J,8/31/2023
Wi2-M1,Wildflower,M,Prostigmata,13,7/20/2023,J,8/31/2023
Wi2-M1,Wildflower,M,Linyphiidae,2,7/20/2023,J,8/31/2023
Wi2-M1,Wildflower,M,Coleoptera_larval,2,7/20/2023,J,8/31/2023
Wi2-M1,Wildflower,M,Hymenoptera_other,1,7/20/2023,J,8/31/2023
Wi2-M10,Wildflower,M,Entomobryidae,7,7/20/2023,J,8/31/2023
Wi2-M10,Wildflower,M,Isotomidae,2,7/20/2023,J,8/31/2023
Wi2-M10,Wildflower,M,Oribatida,51,7/20/2023,J,8/31/2023
Wi2-M10,Wildflower,M,Prostigmata,20,7/20/2023,J,8/31/2023
Wi2-M10,Wildflower,M,Ixodida,1,7/20/2023,J,8/31/2023
Wi2-M10,Wildflower,M,Formicidae,5,7/20/2023,J,8/31/2023
Wi2-M10,Wildflower,M,Lepidoptera_larval,1,7/20/2023,J,8/31/2023
Wi2-M10,Wildflower,M,Hemiptera,1,7/20/2023,J,8/31/2023
Wi2-M10,Wildflower,M,Diplopoda,1,7/20/2023,J,8/31/2023
Wi2-M10,Wildflower,M,Pseudoscorpions,1,7/20/2023,J,8/31/2023
Wi2-M11,Wildflower,M,Entomobryidae,4,7/20/2023,B,8/31/2023
Wi2-M11,Wildflower,M,Hypogastruridae,2,7/20/2023,B,8/31/2023
Wi2-M11,Wildflower,M,Isotomidae,1,7/20/2023,B,9/1/2023
Wi2-M11,Wildflower,M,Mesostigmata,5,7/20/2023,B,9/1/2023
Wi2-M11,Wildflower,M,Oribatida,153,7/20/2023,B,9/1/2023
Wi2-M11,Wildflower,M,Prostigmata,46,7/20/2023,B,9/1/2023
Wi2-M11,Wildflower,M,Coleoptera_other,1,7/20/2023,B,9/1/2023
Wi2-M11,Wildflower,M,Formicidae,10,7/20/2023,B,9/1/2023
Wi2-M11,Wildflower,M,Thysanoptera,2,7/20/2023,B,9/1/2023
Wi2-M11,Wildflower,M,Chilopoda,1,7/20/2023,B,9/1/2023
Wi2-M11,Wildflower,M,Arthropod_other,1,7/20/2023,B,9/1/2023
Wi2-M12,Wildflower,M,Entomobryidae,4,7/20/2023,B,9/1/2023
Wi2-M12,Wildflower,M,Hypogastruridae,3,7/20/2023,B,9/1/2023
Wi2-M12,Wildflower,M,Mesostigmata,6,7/20/2023,B,9/1/2023
Wi2-M12,Wildflower,M,Oribatida,64,7/20/2023,B,9/1/2023
Wi2-M12,Wildflower,M,Prostigmata,9,7/20/2023,B,9/1/2023
Wi2-M12,Wildflower,M,Coleoptera_larval,1,7/20/2023,B,9/1/2023
Wi2-M12,Wildflower,M,Formicidae,1,7/20/2023,B,9/1/2023
Wi2-M12,Wildflower,M,Thysanoptera,1,7/20/2023,B,9/1/2023
Wi2-M12,Wildflower,M,Hemiptera,4,7/20/2023,B,9/1/2023
Wi2-M12,Wildflower,M,Chilopoda,1,7/20/2023,B,9/1/2023
Wi2-M12,Wildflower,M,Pseudoscorpions,2,7/20/2023,B,9/1/2023
Wi2-M12,Wildflower,M,Arthropod_other,2,7/20/2023,B,9/1/2023
Wi2-M2,Wildflower,M,Oribatida,7,7/20/2023,J,9/1/2023
Wi2-M2,Wildflower,M,Prostigmata,4,7/20/2023,J,9/1/2023
Wi2-M2,Wildflower,M,Linyphiidae,2,7/20/2023,J,9/1/2023
Wi2-M2,Wildflower,M,Coleoptera_larval,2,7/20/2023,J,9/1/2023
Wi2-M2,Wildflower,M,Formicidae,1,7/20/2023,J,9/1/2023
Wi2-M3,Wildflower,M,Entomobryidae,8,7/20/2023,A,9/1/2023
Wi2-M3,Wildflower,M,Hypogastruridae,5,7/20/2023,A,9/1/2023
Wi2-M3,Wildflower,M,Mesostigmata,2,7/18/2023,A,9/1/2023
Wi2-M3,Wildflower,M,Oribatida,61,7/18/2023,A,9/1/2023
Wi2-M3,Wildflower,M,Prostigmata,16,7/18/2023,A,9/1/2023
Wi2-M3,Wildflower,M,Coleoptera_larval,1,7/18/2023,A,9/1/2023
Wi2-M3,Wildflower,M,Formicidae,1,7/18/2023,A,9/1/2023
Wi2-M3,Wildflower,M,Thysanoptera,2,7/18/2023,A,9/1/2023
Wi2-M3,Wildflower,M,Pseudoscorpions,1,7/18/2023,A,9/1/2023
Wi2-M4,Wildflower,M,Entomobryidae,17,7/18/2023,B,9/1/2023
Wi2-M4,Wildflower,M,Hypogastruridae,3,7/18/2023,B,9/1/2023
Wi2-M4,Wildflower,M,Mesostigmata,18,7/20/2023,B,9/1/2023
Wi2-M4,Wildflower,M,Oribatida,76,7/20/2023,B,9/1/2023
Wi2-M4,Wildflower,M,Prostigmata,60,7/20/2023,B,9/1/2023
Wi2-M4,Wildflower,M,Gnaphosidae,1,7/20/2023,B,9/1/2023
Wi2-M4,Wildflower,M,Araneae_other,1,7/20/2023,B,9/1/2023
Wi2-M4,Wildflower,M,Coleoptera_larval,6,7/20/2023,B,9/1/2023
Wi2-M4,Wildflower,M,Formicidae,3,7/20/2023,B,9/1/2023
Wi2-M4,Wildflower,M,Hymenoptera_other,4,7/20/2023,B,9/1/2023
Wi2-M4,Wildflower,M,Lepidoptera_larval,1,7/20/2023,B,9/5/2023
Wi2-M4,Wildflower,M,Thysanoptera,1,7/20/2023,B,9/5/2023
Wi2-M4,Wildflower,M,Hemiptera,8,7/20/2023,B,9/5/2023
Wi2-M4,Wildflower,M,Diplopoda,3,7/20/2023,B,9/5/2023
Wi2-M4,Wildflower,M,Arthropod_other,4,7/20/2023,B,9/5/2023
Wi2-M5,Wildflower,M,Hypogastruridae,1,7/20/2023,"B,J",9/5/2023
Wi2-M5,Wildflower,M,Isotomidae,1,7/20/2023,"B,J",9/5/2023
Wi2-M5,Wildflower,M,Mesostigmata,1,7/20/2023,"B,J",9/5/2023
Wi2-M5,Wildflower,M,Oribatida,35,7/20/2023,"B,J",9/5/2023
Wi2-M5,Wildflower,M,Prostigmata,3,7/20/2023,"B,J",9/5/2023
Wi2-M5,Wildflower,M,Linyphiidae,1,7/20/2023,"B,J",9/5/2023
Wi2-M5,Wildflower,M,Formicidae,37,7/20/2023,"B,J",9/5/2023
Wi2-M6,Wildflower,M,Entomobryidae,9,7/20/2023,J,9/5/2023
Wi2-M6,Wildflower,M,Isotomidae,4,7/20/2023,J,9/5/2023
Wi2-M6,Wildflower,M,Mesostigmata,13,7/20/2023,J,9/5/2023
Wi2-M6,Wildflower,M,Oribatida,62,7/20/2023,J,9/5/2023
Wi2-M6,Wildflower,M,Prostigmata,36,7/20/2023,J,9/11/2023
Wi2-M6,Wildflower,M,Gnaphosidae,4,7/20/2023,J,9/11/2023
Wi2-M6,Wildflower,M,Coleoptera_larval,1,7/20/2023,J,9/11/2023
Wi2-M6,Wildflower,M,Coleoptera_other,2,7/20/2023,J,9/11/2023
Wi2-M6,Wildflower,M,Formicidae,8,7/20/2023,J,9/11/2023
Wi2-M6,Wildflower,M,Hymenoptera_other,1,7/20/2023,J,9/11/2023
Wi2-M6,Wildflower,M,Hemiptera,7,7/20/2023,J,9/11/2023
Wi2-M6,Wildflower,M,Chilopoda,4,7/20/2023,J,9/11/2023
Wi2-M6,Wildflower,M,Diplopoda,3,7/20/2023,J,9/11/2023
Wi2-M6,Wildflower,M,Isopoda,1,7/20/2023,J,9/11/2023
Wi2-M6,Wildflower,M,Arthropod_other,2,7/20/2023,J,9/11/2023
Wi2-M7,Wildflower,M,Entomobryidae,21,7/20/2023,A,9/11/2023
Wi2-M7,Wildflower,M,Hypogastruridae,5,7/20/2023,A,9/1/2023
Wi2-M7,Wildflower,M,Isotomidae,4,7/20/2023,A,9/1/2023
Wi2-M7,Wildflower,M,Sminthuridae,1,7/20/2023,A,9/1/2023
Wi2-M7,Wildflower,M,Oribatida,64,7/20/2023,A,9/1/2023
Wi2-M7,Wildflower,M,Prostigmata,31,7/20/2023,A,9/1/2023
Wi2-M7,Wildflower,M,Linyphiidae,2,6/23/2023,A,7/27/2023
Wi2-M7,Wildflower,M,Gnaphosidae,2,6/23/2023,A,7/27/2023
Wi2-M7,Wildflower,M,Araneae_other,1,6/23/2023,A,7/27/2023
Wi2-M7,Wildflower,M,Coleoptera_larval,1,6/23/2023,A,7/27/2023
Wi2-M7,Wildflower,M,Formicidae,23,6/23/2023,A,7/27/2023
Wi2-M7,Wildflower,M,Hemiptera,3,6/23/2023,A,7/27/2023
Wi2-M7,Wildflower,M,Chilopoda,1,6/23/2023,A,7/27/2023
Wi2-M7,Wildflower,M,Diplopoda,3,6/23/2023,A,7/27/2023
Wi2-M7,Wildflower,M,Isopoda,1,6/23/2023,A,7/27/2023
Wi2-M7,Wildflower,M,Myriapoda,2,6/23/2023,A,7/27/2023
Wi2-M7,Wildflower,M,Pseudoscorpions,2,6/23/2023,A,7/27/2023
Wi2-M8,Wildflower,M,Entomobryidae,10,6/23/2023,A,7/27/2023
Wi2-M8,Wildflower,M,Hypogastruridae,4,6/23/2023,A,7/26/2023
Wi2-M8,Wildflower,M,Isotomidae,3,6/23/2023,A,7/26/2023
Wi2-M8,Wildflower,M,Mesostigmata,4,6/23/2023,A,7/26/2023
Wi2-M8,Wildflower,M,Oribatida,98,6/23/2023,A,7/26/2023
Wi2-M8,Wildflower,M,Prostigmata,26,6/23/2023,A,7/26/2023
Wi2-M8,Wildflower,M,Linyphiidae,1,6/23/2023,A,7/26/2023
Wi2-M8,Wildflower,M,Araneae_other,1,6/23/2023,A,7/26/2023
Wi2-M8,Wildflower,M,Coleoptera_larval,1,6/23/2023,A,7/26/2023
Wi2-M8,Wildflower,M,Formicidae,2,6/23/2023,A,7/26/2023
Wi2-M8,Wildflower,M,Thysanoptera,1,6/23/2023,A,7/26/2023
Wi2-M8,Wildflower,M,Hemiptera,4,6/23/2023,A,7/26/2023
Wi2-M8,Wildflower,M,Isopoda,1,6/23/2023,A,7/26/2023
Wi2-M8,Wildflower,M,Pseudoscorpions,2,7/18/2023,A,9/14/2023
Wi2-M9,Wildflower,M,Entomobryidae,4,7/18/2023,B,9/14/2023
Wi2-M9,Wildflower,M,Isotomidae,1,7/18/2023,B,9/14/2023
Wi2-M9,Wildflower,M,Mesostigmata,7,7/18/2023,B,9/14/2023
Wi2-M9,Wildflower,M,Oribatida,112,7/18/2023,B,9/14/2023
Wi2-M9,Wildflower,M,Prostigmata,21,7/18/2023,B,9/14/2023
Wi2-M9,Wildflower,M,Gnaphosidae,3,7/18/2023,B,9/14/2023
Wi2-M9,Wildflower,M,Hemiptera,1,7/18/2023,B,9/14/2023
Wi2-M9,Wildflower,M,Chilopoda,1,,B,
Wi2-M9,Wildflower,M,Isopoda,1,,B,
Wi2-M9,Wildflower,M,Pseudoscorpions,1,,B,
